<?xml version="1.0" encoding="UTF-8"?>
<beans xmlns="http://www.springframework.org/schema/beans"
    xmlns:xsi="http://www.w3.org/2001/XMLSchema-instance"
    xsi:schemaLocation="http://www.springframework.org/schema/beans
        https://www.springframework.org/schema/beans/spring-beans.xsd">
    
    <bean id="dep1" class="com.cognizant.employee.model.Department">
    	<property name="id" value="101"/>
    	<property name="name" value="HR"/>
    </bean>
    
    <bean id="dep2" class="com.cognizant.employee.model.Department">
    	<property name="id" value="102"/>
    	<property name="name" value="Payroll"/>
    </bean>
    
    <bean id="dep3" class="com.cognizant.employee.model.Department">
    	<property name="id" value="103"/>
    	<property name="name" value="Operations"/>
    </bean>
    
    <bean id="departmentList" class="java.util.ArrayList">
        <constructor-arg>
            <list>
                <ref bean="dep1"></ref>
                <ref bean="dep2"></ref>
                <ref bean="dep3"></ref>
            </list>
        </constructor-arg>
    </bean>
    
    <bean id="HTML" class="com.cognizant.employee.model.Skill">
    	<property name="id" value="201"/>
    	<property name="name" value="HTML"/>
    </bean>
    
    <bean id="CSS" class="com.cognizant.employee.model.Skill">
    	<property name="id" value="202"/>
    	<property name="name" value="CSS"/>
    </bean>
    
    <bean id="JS" class="com.cognizant.employee.model.Skill">
    	<property name="id" value="203"/>
    	<property name="name" value="JS"/>
    </bean>
    
    
    <bean id="skillList" class="java.util.ArrayList">
        <constructor-arg>
            <list>
                <ref bean="HTML"></ref>
                <ref bean="CSS"></ref>
                <ref bean="JS"></ref>
            </list>
        </constructor-arg>
    </bean>
    
    <bean id="emp1" class="com.cognizant.employee.model.Employee">
    	<property name="id" value="1"/>
    	<property name="name" value="John"/>
    	<property name="salary" value="5000"/>
    	<property name="permanent" value="true"/>
    	<property name="dep" ref="dep1"/>
    	<property name="skills" ref="skillList"/>
    </bean>
    
    <bean id="emp2" class="com.cognizant.employee.model.Employee">
    	<property name="id" value="2"/>
    	<property name="name" value="Jay"/>
    	<property name="salary" value="6000"/>
    	<property name="permanent" value="true"/>
    	<property name="dep" ref="dep2"/>
    	<property name="skills" ref="skillList"/>
    </bean>
    
    <bean id="emp3" class="com.cognizant.employee.model.Employee">
    	<property name="id" value="3"/>
    	<property name="name" value="Jack"/>
    	<property name="salary" value="10000"/>
    	<property name="permanent" value="true"/>
    	<property name="dep" ref="dep3"/>
    	<property name="skills" ref="skillList"/>
    </bean>
    
    <bean id="emp4" class="com.cognizant.employee.model.Employee">
    	<property name="id" value="4"/>
    	<property name="name" value="Harry"/>
    	<property name="salary" value="3000"/>
    	<property name="permanent" value="false"/>
    	<property name="dep" ref="dep1"/>
    	<property name="skills" ref="skillList"/>
    </bean>
    
     <bean id="employeeList" class="java.util.ArrayList">
        <constructor-arg>
            <list>
                <ref bean="emp1"></ref>
                <ref bean="emp2"></ref>
                <ref bean="emp3"></ref>
                <ref bean="emp4"></ref>
            </list>
        </constructor-arg>
    </bean>
</beans>